{"cameraMode":{"drawMode":0,"name":"Shaded","section":"Shading Mode"},"sceneLighting":true,"audioPlay":false,"sceneViewState":{"m_AlwaysRefresh":false,"showFog":true,"showSkybox":true,"showFlares":true,"showImageEffects":true,"showParticleSystems":true,"showVisualEffectGraphs":true,"m_FxEnabled":true},"in2DMode":false,"pivot":{"x":-20.10373306274414,"y":7.6620988845825199,"z":2.9289615154266359},"rotation":{"x":0.05516231060028076,"y":0.7589251399040222,"z":-0.06405676156282425,"w":0.6460180878639221},"size":3.0532355308532717,"orthographic":false}